name,estimated_lines,source_tokens,raw_binary_tokens,cleaned_binary_tokens,raw_assembly_tokens,cleaned_assembly_tokens,binary_efficiency_pct,assembly_efficiency_pct,tokens_per_line,binary_overhead_ratio,scale_category
basic_calculator,50,248,15334,667,1399,1399,-168.9516129032258,-464.1129032258065,4.96,0.9565217391304348,Small
simple_data_structures,120,602,16267,1600,3359,3359,-165.78073089701,-457.97342192691025,5.016666666666667,0.9016393442622951,Medium
sorting_algorithms,250,1688,18000,3334,6999,6999,-97.51184834123224,-314.6327014218009,6.752,0.8148148148148148,Medium
hash_table_implementation,300,1613,18667,4000,8399,8399,-147.98512089274644,-420.70675759454434,5.376666666666667,0.7857142857142857,Large
basic_compiler,600,4091,22667,8000,16799,16799,-95.55120997311171,-310.63309704228794,6.818333333333333,0.6470588235294118,Large
web_server,1000,4165,28000,13334,27999,27999,-220.1440576230492,-572.2448979591837,4.165,0.5238095238095238,Very Large
